-- MySQL dump 10.13  Distrib 5.7.24, for Linux (x86_64)
--
-- Host: localhost    Database: restaurants
-- ------------------------------------------------------
-- Server version	5.7.24-0ubuntu0.18.04.1

/*!40101 SET @OLD_CHARACTER_SET_CLIENT=@@CHARACTER_SET_CLIENT */;
/*!40101 SET @OLD_CHARACTER_SET_RESULTS=@@CHARACTER_SET_RESULTS */;
/*!40101 SET @OLD_COLLATION_CONNECTION=@@COLLATION_CONNECTION */;
/*!40101 SET NAMES utf8 */;
/*!40103 SET @OLD_TIME_ZONE=@@TIME_ZONE */;
/*!40103 SET TIME_ZONE='+00:00' */;
/*!40014 SET @OLD_UNIQUE_CHECKS=@@UNIQUE_CHECKS, UNIQUE_CHECKS=0 */;
/*!40014 SET @OLD_FOREIGN_KEY_CHECKS=@@FOREIGN_KEY_CHECKS, FOREIGN_KEY_CHECKS=0 */;
/*!40101 SET @OLD_SQL_MODE=@@SQL_MODE, SQL_MODE='NO_AUTO_VALUE_ON_ZERO' */;
/*!40111 SET @OLD_SQL_NOTES=@@SQL_NOTES, SQL_NOTES=0 */;

--
-- Table structure for table `migrations`
--

DROP TABLE IF EXISTS `migrations`;
/*!40101 SET @saved_cs_client     = @@character_set_client */;
/*!40101 SET character_set_client = utf8 */;
CREATE TABLE `migrations` (
  `id` int(10) unsigned NOT NULL AUTO_INCREMENT,
  `migration` varchar(255) COLLATE utf8mb4_unicode_ci NOT NULL,
  `batch` int(11) NOT NULL,
  PRIMARY KEY (`id`)
) ENGINE=InnoDB AUTO_INCREMENT=5 DEFAULT CHARSET=utf8mb4 COLLATE=utf8mb4_unicode_ci;
/*!40101 SET character_set_client = @saved_cs_client */;

--
-- Dumping data for table `migrations`
--

LOCK TABLES `migrations` WRITE;
/*!40000 ALTER TABLE `migrations` DISABLE KEYS */;
INSERT INTO `migrations` VALUES (3,'2019_06_05_205527_create_restaurants_table',1),(4,'2019_06_12_161605_create_reviews_table',1);
/*!40000 ALTER TABLE `migrations` ENABLE KEYS */;
UNLOCK TABLES;

--
-- Table structure for table `restaurants`
--

DROP TABLE IF EXISTS `restaurants`;
/*!40101 SET @saved_cs_client     = @@character_set_client */;
/*!40101 SET character_set_client = utf8 */;
CREATE TABLE `restaurants` (
  `id` bigint(20) unsigned NOT NULL AUTO_INCREMENT,
  `name` varchar(255) COLLATE utf8mb4_unicode_ci NOT NULL,
  `description` text COLLATE utf8mb4_unicode_ci NOT NULL,
  `location` varchar(255) COLLATE utf8mb4_unicode_ci NOT NULL,
  `image` varchar(255) COLLATE utf8mb4_unicode_ci NOT NULL,
  `created_at` timestamp NULL DEFAULT NULL,
  `updated_at` timestamp NULL DEFAULT NULL,
  PRIMARY KEY (`id`)
) ENGINE=InnoDB AUTO_INCREMENT=11 DEFAULT CHARSET=utf8mb4 COLLATE=utf8mb4_unicode_ci;
/*!40101 SET character_set_client = @saved_cs_client */;

--
-- Dumping data for table `restaurants`
--

LOCK TABLES `restaurants` WRITE;
/*!40000 ALTER TABLE `restaurants` DISABLE KEYS */;
INSERT INTO `restaurants` VALUES (1,'Schowalter, Macejkovic and Hintz','Labore sed voluptas sed libero alias reiciendis iusto aliquam labore et excepturi suscipit dicta sit aliquam error delectus eum et quia tempora.','4610 Shaina Place\nNew Soledad, MA 77386','https://lorempixel.com/640/480/food/?49617','2019-06-23 04:42:34','2019-06-23 04:42:34'),(2,'Vandervort, Reinger and Prosacco','Nihil ullam qui quidem delectus aliquam laborum perspiciatis quae nam quidem officia numquam ea quia impedit sequi facere et est repudiandae placeat quibusdam quisquam accusamus eum et et voluptas quia nulla voluptas.','991 Wilderman Locks Apt. 792\nGrantton, FL 38914-5094','https://lorempixel.com/640/480/food/?27459','2019-06-23 04:42:34','2019-06-23 04:42:34'),(3,'Hilpert, Quitzon and Hyatt','Iusto et ad consequatur a hic itaque laboriosam corrupti reiciendis vitae eum officia et aliquam ad sit voluptatem dolorum earum at et laudantium est veniam ex aliquam totam illum quam neque nesciunt voluptate architecto numquam.','26414 Gleichner Fork\nNorth Jennings, NC 02889-3544','https://lorempixel.com/640/480/food/?92037','2019-06-23 04:42:34','2019-06-23 04:42:34'),(4,'Erdman, Smith and Schinner','Quod voluptates est impedit non quis quaerat qui laudantium occaecati vel nostrum earum iste perferendis sunt sed ad quasi architecto aut aperiam magni nostrum molestias error.','355 Kirlin Mount\nStrosinborough, CO 60836','https://lorempixel.com/640/480/food/?90200','2019-06-23 04:42:34','2019-06-23 04:42:34'),(5,'Littel Inc','Alias eaque soluta aut id vel rerum fugiat nesciunt deserunt adipisci sed quia voluptatibus qui pariatur quasi molestiae reprehenderit non aut vel labore magni natus enim quas veniam omnis quos.','21476 Mante Route Suite 677\nRansomtown, OR 66090-2406','https://lorempixel.com/640/480/food/?91511','2019-06-23 04:42:34','2019-06-23 04:42:34'),(6,'Treutel, Leannon and Ebert','Aut voluptas laborum sunt eius voluptatem soluta et iure aliquam fugit commodi et maxime excepturi aut eius quidem quia corrupti ab similique quam corporis nihil recusandae odit.','5180 Bednar Dam\nMarvinton, MO 43789','https://lorempixel.com/640/480/food/?46751','2019-06-23 04:42:34','2019-06-23 04:42:34'),(7,'D\'Amore Group','Autem sed et voluptas beatae eligendi ex doloremque impedit odio omnis in quis consequatur sint sit illo sed officiis est consequatur sint reprehenderit et ut voluptatem aperiam reprehenderit expedita ad.','7617 Rebeka Port\nRylanberg, SC 73002-9792','https://lorempixel.com/640/480/food/?55217','2019-06-23 04:42:34','2019-06-23 04:42:34'),(8,'Barton and Sons','Hic et facilis nisi consectetur harum amet eos ducimus delectus rerum quia minus dolor eos nemo ratione eos voluptatum eos dolore aspernatur provident.','27171 Towne Trafficway Apt. 139\nWest Jayde, SD 05947-8662','https://lorempixel.com/640/480/food/?41122','2019-06-23 04:42:34','2019-06-23 04:42:34'),(9,'Ebert-Braun','Cum alias eius ut vel blanditiis consequatur ex quis ipsam quo assumenda blanditiis et corrupti earum sunt perspiciatis quibusdam quisquam voluptatibus non rerum ullam et.','16494 Stokes Pike Apt. 540\nBergstromtown, OR 11579','https://lorempixel.com/640/480/food/?69704','2019-06-23 04:42:34','2019-06-23 04:42:34'),(10,'Jaskolski-Anderson','Magnam nobis quibusdam perspiciatis sit aut inventore reprehenderit minus praesentium et odit veniam exercitationem numquam est fugit asperiores aperiam pariatur voluptatem in et illo tempora.','8292 Ivah Cliffs Suite 842\nSouth Annabel, WY 30219','https://lorempixel.com/640/480/food/?86746','2019-06-23 04:42:34','2019-06-23 04:42:34');
/*!40000 ALTER TABLE `restaurants` ENABLE KEYS */;
UNLOCK TABLES;

--
-- Table structure for table `reviews`
--

DROP TABLE IF EXISTS `reviews`;
/*!40101 SET @saved_cs_client     = @@character_set_client */;
/*!40101 SET character_set_client = utf8 */;
CREATE TABLE `reviews` (
  `id` bigint(20) unsigned NOT NULL AUTO_INCREMENT,
  `author` varchar(255) COLLATE utf8mb4_unicode_ci NOT NULL,
  `review` text COLLATE utf8mb4_unicode_ci NOT NULL,
  `restaurants_id` int(11) NOT NULL,
  `created_at` timestamp NULL DEFAULT NULL,
  `updated_at` timestamp NULL DEFAULT NULL,
  PRIMARY KEY (`id`)
) ENGINE=InnoDB AUTO_INCREMENT=101 DEFAULT CHARSET=utf8mb4 COLLATE=utf8mb4_unicode_ci;
/*!40101 SET character_set_client = @saved_cs_client */;

--
-- Dumping data for table `reviews`
--

LOCK TABLES `reviews` WRITE;
/*!40000 ALTER TABLE `reviews` DISABLE KEYS */;
INSERT INTO `reviews` VALUES (1,'Marcelino Schneider','Sit velit molestias non laudantium dicta ex earum et quia et ab numquam officiis nemo odio ullam blanditiis tempora est quis maiores nemo.',5,'2019-06-23 04:42:34','2019-06-23 04:42:34'),(2,'Destini Halvorson I','Consequatur porro non in consequatur totam est dolorum ratione ab velit nemo iure vel dolor sint nostrum enim doloremque voluptatem esse animi assumenda adipisci quae et accusamus.',10,'2019-06-23 04:42:34','2019-06-23 04:42:34'),(3,'Elyssa Grimes','Totam excepturi inventore quam unde eos qui unde iste voluptas quo debitis consequatur mollitia nemo ea quia ab quisquam ad dolores dolores qui itaque voluptas nemo voluptatem nemo.',10,'2019-06-23 04:42:34','2019-06-23 04:42:34'),(4,'Joany Connelly','Tenetur cupiditate dolorum repellat doloremque nesciunt est ut debitis quibusdam cupiditate quaerat omnis sed aut voluptatem quod rerum eum quae molestiae harum aliquid et est iusto officiis repellat.',10,'2019-06-23 04:42:34','2019-06-23 04:42:34'),(5,'Dr. Evans Kuhic','Excepturi possimus deserunt facilis dignissimos qui velit dolor consequatur et quibusdam exercitationem voluptas sunt et eveniet autem voluptas expedita nobis quas voluptatem id odio hic qui.',1,'2019-06-23 04:42:34','2019-06-23 04:42:34'),(6,'Josiane Mertz','Omnis modi saepe beatae tempore et ratione omnis voluptatem qui repellat similique praesentium a est nostrum aut ut non repellendus veniam inventore id consequuntur tenetur vero vitae tempore labore molestiae eos.',4,'2019-06-23 04:42:34','2019-06-23 04:42:34'),(7,'Clinton Rohan','Veritatis ab enim sint optio repellendus consequatur autem quasi qui aut laborum quidem labore in labore natus non eum voluptas est consequatur veritatis culpa eaque doloremque aut odio delectus eum ut occaecati iure iste iste est corrupti qui reprehenderit eveniet dignissimos id.',6,'2019-06-23 04:42:34','2019-06-23 04:42:34'),(8,'Velva Jacobson','Dolores expedita eos et officiis et et blanditiis sed vel neque unde quis earum maxime velit saepe sit itaque et odio natus ducimus quod molestiae architecto voluptas aut voluptatum et perferendis et dolorem unde.',3,'2019-06-23 04:42:34','2019-06-23 04:42:34'),(9,'Dr. Anderson O\'Keefe Jr.','Minima non consequatur quidem ad perspiciatis ea quasi id possimus vel perspiciatis sint necessitatibus delectus odio est minus laboriosam asperiores.',1,'2019-06-23 04:42:34','2019-06-23 04:42:34'),(10,'Mr. Demarco Goyette V','Et eos et et id et quam officia et consectetur repellat rerum maxime aut non non officia nobis necessitatibus omnis dolore ut eveniet illum dolor id iusto ad.',6,'2019-06-23 04:42:34','2019-06-23 04:42:34'),(11,'Cordia Thompson DVM','Repellat est sit dolore libero incidunt qui inventore beatae eligendi voluptas nemo possimus eos nisi aut sed quis optio id omnis officia voluptatem in est minus distinctio velit animi dolores ut dolor provident facilis cumque temporibus inventore aut pariatur sint eligendi molestiae nostrum.',5,'2019-06-23 04:42:34','2019-06-23 04:42:34'),(12,'Kaitlin Leuschke','Sint minima ut qui sequi nesciunt illum sit reprehenderit aut est molestiae debitis quasi sed eum iure quasi sunt voluptas molestias quo dignissimos repellat quis vel consequuntur facere amet tempora error aut minus totam non et at placeat alias assumenda eum.',4,'2019-06-23 04:42:34','2019-06-23 04:42:34'),(13,'Kyla Brakus','Placeat vitae asperiores quo voluptatem eum quam veniam vitae voluptas id dolorum nihil qui in enim veritatis laboriosam nihil qui officia itaque qui nisi aut aperiam.',2,'2019-06-23 04:42:34','2019-06-23 04:42:34'),(14,'Larissa Metz','Sunt qui ab dicta fuga sed laudantium aspernatur labore eveniet suscipit facilis minima mollitia eveniet non dicta eius aut officiis placeat accusamus ducimus totam ut perspiciatis saepe.',5,'2019-06-23 04:42:34','2019-06-23 04:42:34'),(15,'Prof. Lucy Senger DVM','Debitis exercitationem deserunt praesentium adipisci facilis atque repellendus nostrum exercitationem velit labore ullam voluptatem voluptatibus corporis omnis ratione enim rerum corporis qui fugit temporibus quia asperiores sit minus dolore et voluptate et impedit rerum voluptatem et animi nobis eveniet totam porro.',7,'2019-06-23 04:42:34','2019-06-23 04:42:34'),(16,'Linda Torp','Autem ut consectetur doloremque aut neque est expedita voluptas amet illum fuga exercitationem quisquam non excepturi ut consequatur possimus est sit tenetur aliquid sit corrupti illum atque quam dolorem architecto voluptatem.',1,'2019-06-23 04:42:34','2019-06-23 04:42:34'),(17,'Dr. Loy Lindgren','Sit fugit ea incidunt culpa atque ut reiciendis officia veniam quidem repellendus aut atque soluta saepe eaque deserunt assumenda laudantium temporibus quo assumenda sunt dolores temporibus voluptates deleniti magnam laborum quia quia quia.',4,'2019-06-23 04:42:34','2019-06-23 04:42:34'),(18,'Dr. Chadrick Morar V','Adipisci et culpa et nisi officiis autem assumenda qui odio assumenda aut accusamus ullam sapiente sit eius dolorem dignissimos consequatur aliquam aspernatur numquam doloribus labore soluta eos modi accusantium eveniet quia est aut est impedit nemo praesentium quaerat dolor cupiditate exercitationem harum ea.',10,'2019-06-23 04:42:34','2019-06-23 04:42:34'),(19,'Ms. Josefa Cremin','Nesciunt ratione cumque distinctio fugiat eaque aliquam ipsum et alias beatae qui rerum nihil voluptatem vel magni corporis et aut.',3,'2019-06-23 04:42:34','2019-06-23 04:42:34'),(20,'Oren Boyle','Esse dicta atque eaque nulla et accusantium voluptas architecto itaque quo ratione error sed quaerat laboriosam nemo quo sed esse debitis quaerat explicabo aliquam amet suscipit.',9,'2019-06-23 04:42:34','2019-06-23 04:42:34'),(21,'Florian Parker','Libero et quis odit aut aut ipsum eos explicabo tempore qui maiores totam aut excepturi quaerat eum voluptatibus corporis qui quia doloremque vel doloremque.',4,'2019-06-23 04:42:34','2019-06-23 04:42:34'),(22,'Webster Thompson','Neque sed voluptatem accusamus et non aspernatur libero eius harum excepturi aspernatur veniam beatae quis veniam pariatur necessitatibus nulla voluptatibus et quis vel quia earum.',4,'2019-06-23 04:42:34','2019-06-23 04:42:34'),(23,'Prof. Alison Hane','Dolorum occaecati quas saepe aut quia illum non dolorem adipisci quidem distinctio error voluptatum sit est voluptates totam dignissimos cupiditate doloremque quia natus et eius ipsum officiis maiores.',9,'2019-06-23 04:42:34','2019-06-23 04:42:34'),(24,'Dr. Saul Bruen','Dolore eos nihil illo praesentium iusto atque perferendis aspernatur aspernatur corporis odio earum dolor suscipit voluptas quia occaecati sit necessitatibus quidem rerum.',8,'2019-06-23 04:42:34','2019-06-23 04:42:34'),(25,'Jarred Bashirian Jr.','Ducimus est nam est libero provident consequuntur ad tempore excepturi aliquam maiores nihil aliquam assumenda voluptatibus ut animi quibusdam accusamus sit provident distinctio dolores ut cum quibusdam non et non delectus quo aut consectetur.',2,'2019-06-23 04:42:34','2019-06-23 04:42:34'),(26,'Adeline Ritchie','Quos molestias animi praesentium ad aut voluptates voluptas dolores asperiores voluptas voluptate placeat accusantium magnam perspiciatis eum voluptatem velit nesciunt tempore aliquam suscipit quam modi praesentium.',10,'2019-06-23 04:42:34','2019-06-23 04:42:34'),(27,'Kaylah Harris Sr.','Sed ipsum quis velit quaerat excepturi veritatis consequuntur temporibus aut excepturi quo aut quae in deserunt atque ab reprehenderit assumenda dignissimos quo vero consequuntur optio molestiae quo officia est aut ipsum minima vel sed.',9,'2019-06-23 04:42:34','2019-06-23 04:42:34'),(28,'Nikki Feeney','Dolorem tenetur quaerat eum nihil velit fuga eius unde dolor voluptatem odit ut quo aut provident maxime ipsam a sint perspiciatis ea ullam ipsam alias consequatur vitae nemo aliquam cupiditate.',5,'2019-06-23 04:42:34','2019-06-23 04:42:34'),(29,'Trevor Wunsch I','Voluptate tempore sunt ab libero id earum voluptatem sapiente dolores deserunt ea architecto voluptatum consequuntur exercitationem autem consequatur eligendi.',7,'2019-06-23 04:42:34','2019-06-23 04:42:34'),(30,'Dr. Allan Dickinson Sr.','Ab eum ut aut delectus atque consequatur eos et ipsum illo ut fuga aut non neque totam ducimus officiis omnis nesciunt aliquam amet et optio eum suscipit omnis aperiam quo enim odio ea numquam veritatis necessitatibus est at numquam.',1,'2019-06-23 04:42:34','2019-06-23 04:42:34'),(31,'Lilliana Wiegand','Voluptatem corporis dignissimos repudiandae eligendi dolores suscipit voluptates sit ab sint voluptatem perferendis atque magnam ducimus enim et maiores nobis magnam recusandae doloribus ipsam vitae sit beatae harum blanditiis repellendus vel qui explicabo in minus deserunt temporibus unde.',1,'2019-06-23 04:42:34','2019-06-23 04:42:34'),(32,'Daniella Barton PhD','Modi excepturi veritatis laboriosam inventore tempora non expedita sint rerum itaque dolore non aliquam ad et corrupti dolorem accusantium sapiente illo.',8,'2019-06-23 04:42:34','2019-06-23 04:42:34'),(33,'Dr. Abelardo Schulist','Delectus corrupti ea recusandae voluptas ipsum adipisci perspiciatis voluptate quae maiores tenetur non delectus in est aspernatur aut sequi aut ea architecto.',6,'2019-06-23 04:42:34','2019-06-23 04:42:34'),(34,'Shanna Yundt','Corporis labore aut dolorum impedit impedit officiis et voluptate cumque vitae vero sit vel quasi doloribus provident similique quisquam dicta iure eos expedita aut totam officia et voluptas quaerat sequi.',8,'2019-06-23 04:42:34','2019-06-23 04:42:34'),(35,'Dr. Dean Hane V','Voluptatem natus unde perspiciatis sed sit iure eos voluptatibus ipsum ab eveniet eos quo veniam qui earum commodi velit aspernatur dolores similique et tenetur.',9,'2019-06-23 04:42:34','2019-06-23 04:42:34'),(36,'Brenda Quigley','Ea dolore et dolor aut libero et voluptas et voluptatem laudantium quis corrupti est magni aut ut et et et nam nobis exercitationem officiis optio est qui repudiandae impedit voluptas et nesciunt.',10,'2019-06-23 04:42:34','2019-06-23 04:42:34'),(37,'Darius Koelpin','Rerum et minima quaerat quasi voluptas itaque possimus ea eum quaerat expedita non saepe tenetur numquam aut amet rerum et sunt quis et ad molestiae dignissimos molestias quas ut iste.',8,'2019-06-23 04:42:34','2019-06-23 04:42:34'),(38,'Shanny Mosciski','Et quae harum voluptatem explicabo esse eum eligendi quibusdam harum distinctio autem commodi eaque ut pariatur enim vel optio qui dignissimos quae fugiat non eaque iste repellat cum error.',6,'2019-06-23 04:42:34','2019-06-23 04:42:34'),(39,'Daija Heidenreich V','Impedit eos ullam sunt molestiae quia amet asperiores dolor eaque ab neque recusandae illum vitae deserunt error et odio aperiam ab et qui est possimus odit.',9,'2019-06-23 04:42:34','2019-06-23 04:42:34'),(40,'Edna Goldner','A quia tempore exercitationem voluptatem ipsum atque sunt ipsum tenetur cumque fuga aut aut et ipsa perferendis magni esse quis et aut similique maxime expedita exercitationem ab nihil est ratione.',7,'2019-06-23 04:42:34','2019-06-23 04:42:34'),(41,'Brigitte Dibbert','Rerum laborum qui harum molestiae facere ut aspernatur sint excepturi illo qui ut sit libero voluptatem molestiae asperiores rerum facilis ab veritatis.',1,'2019-06-23 04:42:34','2019-06-23 04:42:34'),(42,'Fern Reinger','Quasi animi itaque aspernatur quae odio voluptatem incidunt delectus soluta ratione fuga eos autem in dolorem asperiores eos quasi enim.',1,'2019-06-23 04:42:34','2019-06-23 04:42:34'),(43,'Isac Ankunding','Sapiente error sed vero quas aspernatur doloremque et quae neque et ut aut est ut ea modi hic repellat voluptate ratione ipsam rem omnis a nesciunt nulla ut quaerat eius quia qui ut aspernatur sunt minus harum animi consequuntur consectetur.',3,'2019-06-23 04:42:34','2019-06-23 04:42:34'),(44,'Dr. Ralph West II','Omnis doloremque quia perspiciatis quibusdam laborum deleniti veritatis aut perferendis sint qui non quia nobis qui sunt voluptatem sit mollitia labore temporibus rerum molestias libero facere earum consequatur ut ut consequuntur libero tempora.',2,'2019-06-23 04:42:34','2019-06-23 04:42:34'),(45,'Domenico Dietrich','Incidunt velit eligendi enim nobis non nisi in qui omnis porro ut et officiis sunt odit voluptas dolorem exercitationem ad maiores aliquam non temporibus et sunt illum quia.',5,'2019-06-23 04:42:34','2019-06-23 04:42:34'),(46,'Rachelle Sipes','Impedit harum facere qui illum odit rerum accusantium dolorum nesciunt voluptatem aut inventore ut temporibus provident corporis aspernatur earum et eligendi cupiditate et aut dolorum nulla error quisquam doloremque temporibus adipisci ipsam et ut ullam doloremque voluptas.',7,'2019-06-23 04:42:34','2019-06-23 04:42:34'),(47,'Leta Kuhic','Debitis aperiam expedita odit autem fuga eos assumenda aut accusamus sint suscipit et non aliquid quo adipisci rerum est quia consequatur praesentium consequuntur.',8,'2019-06-23 04:42:34','2019-06-23 04:42:34'),(48,'Ferne Emmerich','Modi harum itaque asperiores voluptatem reiciendis est officiis fugiat facilis provident excepturi porro velit ipsum incidunt at voluptate sapiente et quia qui architecto perspiciatis.',6,'2019-06-23 04:42:34','2019-06-23 04:42:34'),(49,'Karlee Harvey','Vitae et neque veniam dolores voluptatibus quas sint quae quia expedita dolor aperiam pariatur tempora itaque aliquam qui quod doloribus voluptatem dignissimos.',3,'2019-06-23 04:42:34','2019-06-23 04:42:34'),(50,'Annabelle Dietrich PhD','Temporibus ab modi fuga corporis debitis delectus pariatur accusantium sit eaque labore saepe et deserunt minus natus consequatur tempora distinctio sint ipsum praesentium soluta eveniet recusandae necessitatibus est in distinctio et quia qui cumque.',4,'2019-06-23 04:42:34','2019-06-23 04:42:34'),(51,'Prof. Loma Gerhold','Optio mollitia repellendus et earum est praesentium rerum ea reiciendis voluptates eius odio ea aperiam qui qui aliquid id praesentium minima voluptates eum.',5,'2019-06-23 04:42:34','2019-06-23 04:42:34'),(52,'Aiyana Harvey','Odit nihil unde esse et qui cumque quos necessitatibus sed ex harum deserunt ut est delectus id velit sit vitae aut nam natus culpa consequuntur itaque molestiae est repellat deleniti est voluptas reiciendis.',3,'2019-06-23 04:42:34','2019-06-23 04:42:34'),(53,'Maximus Marquardt DVM','Ut modi maiores eos perspiciatis omnis magnam in consequatur perspiciatis aliquam soluta qui qui iste autem nostrum consequatur eum illum voluptas dolor illo voluptatem voluptatem libero voluptatibus id eaque aut commodi corrupti et voluptatem facilis in distinctio ex magnam.',2,'2019-06-23 04:42:34','2019-06-23 04:42:34'),(54,'Mrs. Rosetta Huel','Perspiciatis eaque quia ut aspernatur laudantium et minima incidunt sequi fuga minima a consequuntur distinctio ut molestias molestiae adipisci id expedita magnam et mollitia et similique quisquam.',4,'2019-06-23 04:42:34','2019-06-23 04:42:34'),(55,'Mr. Marc Dicki V','Accusantium quibusdam officia quam earum nostrum minima dolor modi rerum omnis expedita ipsam provident excepturi sequi eum veritatis dicta minus eos expedita mollitia sit ratione hic quibusdam libero corporis itaque et amet est esse ut inventore.',9,'2019-06-23 04:42:34','2019-06-23 04:42:34'),(56,'Emily Hand','At sunt earum inventore sunt eaque ea necessitatibus sit laudantium ipsa alias nam et impedit nesciunt veritatis dolorum consequatur a error ex est natus maxime quam perspiciatis magnam.',3,'2019-06-23 04:42:34','2019-06-23 04:42:34'),(57,'Charlie Powlowski','Minus provident est fugit dolor impedit perferendis harum illo est eius quia et laboriosam ut reiciendis atque autem necessitatibus qui saepe sequi saepe non voluptas necessitatibus magnam voluptatibus dolore id magnam corporis ipsa exercitationem deleniti repellendus sed.',1,'2019-06-23 04:42:34','2019-06-23 04:42:34'),(58,'Preston Crooks','Magni repellendus soluta id voluptas pariatur blanditiis vel iste facere voluptatem quibusdam recusandae qui magnam natus accusamus et aut eaque sit a cum.',4,'2019-06-23 04:42:34','2019-06-23 04:42:34'),(59,'Kaia Brakus','Possimus sit adipisci omnis corrupti quaerat animi dolor qui enim necessitatibus sapiente sequi vitae fuga quis quia accusantium alias cupiditate labore rem iure dicta ex debitis sunt esse officia dolores fugiat et aut est.',6,'2019-06-23 04:42:34','2019-06-23 04:42:34'),(60,'Allie Stroman','Animi voluptatum id odio quia consequatur quo mollitia dolore aperiam impedit ipsa impedit quaerat modi maxime odio enim velit dolores aspernatur quis odit dolores tenetur impedit amet cumque facilis vitae similique eum qui voluptates tenetur natus vero nulla.',6,'2019-06-23 04:42:34','2019-06-23 04:42:34'),(61,'Mr. Cletus Haag III','Enim aliquid et voluptate fuga iure illum natus nostrum deserunt autem ab enim omnis consequatur itaque ducimus neque est dignissimos aut dolorum rem rerum.',5,'2019-06-23 04:42:34','2019-06-23 04:42:34'),(62,'Viola Dooley','Nisi dolorem voluptatibus provident perferendis cupiditate facere commodi voluptas voluptatum nesciunt ex tempore saepe saepe illum voluptate dolores alias quas occaecati consequatur consectetur at possimus eaque ullam enim incidunt minus quod dolores non in excepturi iusto numquam incidunt alias.',6,'2019-06-23 04:42:34','2019-06-23 04:42:34'),(63,'Cloyd Heidenreich','Quam adipisci eum reprehenderit incidunt deserunt beatae sit velit non id at debitis enim quia illum ea aut tempore illum officiis velit numquam fugiat explicabo eaque libero fuga qui et et et in quibusdam aut quos ut in consequatur cum et consequatur.',9,'2019-06-23 04:42:34','2019-06-23 04:42:34'),(64,'Dillon Hand I','Unde quod aut velit porro autem nesciunt repellendus impedit voluptas iusto vero omnis sapiente asperiores sunt recusandae et esse ea harum consequatur nihil error qui voluptatem qui sapiente ut quibusdam dolorem exercitationem expedita facere corporis architecto ut quia.',3,'2019-06-23 04:42:34','2019-06-23 04:42:34'),(65,'Flossie Witting','Laudantium est molestiae eveniet consequatur corporis repellendus non cupiditate voluptatem voluptates nihil ipsa amet sint quia illo nisi sed maxime at nihil enim odio voluptatem sit vitae quaerat et quo in.',1,'2019-06-23 04:42:34','2019-06-23 04:42:34'),(66,'Maryam Ratke','Repellat officia quidem voluptatum saepe sed et ut at nulla dolor tempora aut occaecati non placeat laboriosam molestiae velit delectus iusto ut possimus illo ut nesciunt nesciunt.',8,'2019-06-23 04:42:34','2019-06-23 04:42:34'),(67,'Miss Brianne D\'Amore','Quia est iusto tenetur sequi qui sed delectus perferendis reiciendis nobis fuga cupiditate iusto quae a explicabo dolorem laboriosam quis et at qui qui eum consequatur vel vel ab sint occaecati ipsa minima eos tempora debitis repellendus possimus ea et et quo.',3,'2019-06-23 04:42:34','2019-06-23 04:42:34'),(68,'Sunny Langosh','Placeat possimus expedita architecto a et eveniet tempore et aut porro doloremque qui dolores quo debitis quia sed est quasi expedita culpa fugiat dolor quisquam qui modi ut excepturi quo.',2,'2019-06-23 04:42:34','2019-06-23 04:42:34'),(69,'Reginald Rempel','Dolorum quo omnis velit quam consectetur neque sit rerum ducimus harum et quibusdam perferendis exercitationem et harum et perferendis ut at quos ratione porro sed magni sit non ducimus at delectus quidem qui laboriosam perspiciatis omnis tenetur neque fugiat nulla nesciunt quo.',10,'2019-06-23 04:42:34','2019-06-23 04:42:34'),(70,'Lindsay Lubowitz','Sapiente eveniet amet possimus inventore sit esse inventore non aut blanditiis ipsam et omnis consectetur est aliquam doloremque amet omnis quis voluptatum aut saepe deserunt autem iure.',9,'2019-06-23 04:42:34','2019-06-23 04:42:34'),(71,'Lou Greenholt','Maiores et cum recusandae et sunt in nobis dolorum et eos nisi inventore inventore dignissimos tempore est dolores assumenda est eum repellendus omnis.',1,'2019-06-23 04:42:34','2019-06-23 04:42:34'),(72,'Dr. Gideon Bode','Vel ex labore dolores earum debitis optio debitis sit ea qui adipisci nobis et sequi labore quos ratione veniam qui voluptatem eius sequi asperiores temporibus maiores nostrum doloribus quos dolores placeat voluptas voluptatem autem facere consectetur.',4,'2019-06-23 04:42:34','2019-06-23 04:42:34'),(73,'Rashawn Monahan','Expedita a autem nihil ipsam nihil commodi a voluptas natus veritatis mollitia est qui cum eum facere sint non minus porro in et iste veritatis non et aut nemo odit possimus maiores aspernatur repellendus porro.',5,'2019-06-23 04:42:34','2019-06-23 04:42:34'),(74,'Prof. Adolph Funk I','Quia maiores et et eum saepe error maiores magni asperiores id aliquid totam sequi reprehenderit quibusdam praesentium rem id voluptas distinctio omnis sit eos quia repellendus est perferendis voluptate id consequuntur illo quam est aliquam.',1,'2019-06-23 04:42:34','2019-06-23 04:42:34'),(75,'Caitlyn Leuschke','Itaque atque suscipit natus non incidunt sit in quasi sequi harum alias sed ea cumque error quidem molestias molestias nemo porro eveniet eaque ut dicta similique impedit magni at ducimus culpa autem velit sed rerum similique atque quasi molestiae et maiores.',6,'2019-06-23 04:42:34','2019-06-23 04:42:34'),(76,'Georgiana Grant','Iusto exercitationem ab aliquid omnis occaecati enim deleniti et exercitationem cupiditate atque qui qui laboriosam non quo placeat quia nam voluptatem dolores eius aut unde non dignissimos autem delectus id numquam veniam modi magnam.',2,'2019-06-23 04:42:34','2019-06-23 04:42:34'),(77,'Clovis Heathcote MD','Repellendus sed ex dolorem pariatur et ea quidem repudiandae quod ut numquam exercitationem enim labore ad magni in ut debitis et fuga consequatur sed error consequatur voluptas veritatis iure reprehenderit velit aut voluptatum et natus velit ducimus numquam error unde maiores eos.',9,'2019-06-23 04:42:34','2019-06-23 04:42:34'),(78,'Erin Abshire','Fugit voluptatem eum culpa assumenda et quidem animi cum reprehenderit dolores ea earum amet aut qui eos minus inventore fuga sunt dolores.',8,'2019-06-23 04:42:34','2019-06-23 04:42:34'),(79,'Anissa Schultz','Dolor sunt modi iure autem dicta sint distinctio sed quis rerum et nulla nobis magnam explicabo repudiandae voluptas aut et laborum qui reprehenderit eos vel voluptatem magnam dolor ut quia facilis vel quia neque ut.',8,'2019-06-23 04:42:34','2019-06-23 04:42:34'),(80,'Dr. Mercedes Koch DDS','Odit a repudiandae natus incidunt velit laudantium adipisci sed nesciunt sed dicta debitis minus omnis sint corrupti reiciendis quas repellat facere non molestiae ea facere repellendus molestiae unde dolore eum nesciunt et a repudiandae ullam placeat a nulla deserunt quo.',3,'2019-06-23 04:42:34','2019-06-23 04:42:34'),(81,'Ms. Kendra Sipes IV','Nihil suscipit et laboriosam nesciunt suscipit enim odio amet minima rerum molestiae et quis ad sit voluptatem est culpa qui incidunt iure quo maiores aut natus rem eum voluptate natus.',7,'2019-06-23 04:42:34','2019-06-23 04:42:34'),(82,'Prof. Kenya Kuhlman','Minima non mollitia voluptates reprehenderit molestias accusantium ipsam et tempora consequatur aliquid iure illo impedit vitae sequi dicta cumque laboriosam enim totam velit reiciendis tempora quos necessitatibus omnis ut impedit eos et eligendi vel.',9,'2019-06-23 04:42:34','2019-06-23 04:42:34'),(83,'Leola Buckridge','Perspiciatis asperiores tempore non architecto nostrum ut dolorum et ipsa voluptas et architecto doloribus est dignissimos facilis quia sint perferendis est nemo est aut voluptatem in est vel neque rerum molestiae ullam quo officia deleniti nihil inventore voluptatum excepturi a debitis.',10,'2019-06-23 04:42:34','2019-06-23 04:42:34'),(84,'Dell Muller','Ex et labore minus dolore ut tempora explicabo labore magnam voluptatem occaecati ea est voluptas culpa doloribus inventore et laboriosam autem voluptatem est voluptas nihil quia doloremque dolore rem qui voluptate aut inventore blanditiis rerum quos dolore ipsa.',10,'2019-06-23 04:42:34','2019-06-23 04:42:34'),(85,'Clare Langworth','Molestiae distinctio quia libero distinctio quos dolor hic asperiores molestiae doloribus quam aut non ut maxime aut facilis impedit est.',9,'2019-06-23 04:42:34','2019-06-23 04:42:34'),(86,'Mrs. Eula Grady III','Incidunt non eveniet minima sint et dolorum quidem quibusdam aspernatur velit odit tempora voluptatem facere laborum minima neque laboriosam aut provident eos ipsum itaque.',3,'2019-06-23 04:42:34','2019-06-23 04:42:34'),(87,'Lamar D\'Amore','Quaerat et cum inventore quibusdam inventore eum debitis eos soluta quo rem vel dolorum rerum nulla distinctio est aliquam architecto consectetur dolores aspernatur harum repellat veniam sequi impedit fuga error expedita maxime aut consequatur sequi.',4,'2019-06-23 04:42:34','2019-06-23 04:42:34'),(88,'Prof. Conor Sauer','Velit culpa sed esse id fugit quia quia et mollitia dolorum vero ab error excepturi dolore maxime temporibus maxime eius blanditiis sed repellat soluta maxime eos nihil deleniti et recusandae.',9,'2019-06-23 04:42:34','2019-06-23 04:42:34'),(89,'Gavin Crooks','Id ducimus non reprehenderit dolore necessitatibus non quae saepe optio aut est harum minus excepturi et consequatur quod in reprehenderit quae pariatur voluptatum in ea voluptatem asperiores amet voluptates delectus beatae quia neque corrupti illum velit.',1,'2019-06-23 04:42:34','2019-06-23 04:42:34'),(90,'Miss Sibyl Turner','Nisi est fuga alias beatae quia consequuntur corporis quaerat voluptates voluptatem at id et beatae similique tenetur aut temporibus et sunt quod consequatur quia incidunt nam in aut autem voluptatibus dolore natus.',9,'2019-06-23 04:42:34','2019-06-23 04:42:34'),(91,'Estrella Hartmann','Ut enim non aut minus sint vero cum suscipit molestias quas consequatur qui dolore aut provident magni aliquam aliquam est sed omnis ex voluptates magnam cumque laudantium totam delectus sapiente soluta perferendis omnis animi nisi quo hic.',8,'2019-06-23 04:42:34','2019-06-23 04:42:34'),(92,'Mrs. Gladyce Schroeder Sr.','Nam ipsa consequuntur magni quam voluptatem dolorum quia enim aliquid quidem optio eos incidunt aut labore et ut illum adipisci error voluptatibus voluptas non voluptatem vero voluptatem iure.',8,'2019-06-23 04:42:34','2019-06-23 04:42:34'),(93,'Axel Quigley','Laudantium voluptatem soluta libero officia id sed quos deserunt numquam ad facere voluptas exercitationem temporibus distinctio error necessitatibus voluptatem asperiores tempore omnis tempore exercitationem est quod suscipit vel repudiandae omnis.',7,'2019-06-23 04:42:34','2019-06-23 04:42:34'),(94,'Ruth Schiller','Qui consequuntur est qui commodi deserunt earum quis occaecati ullam vel voluptatem vel ad dolore quam quia sed amet earum omnis sed asperiores.',7,'2019-06-23 04:42:34','2019-06-23 04:42:34'),(95,'Leonardo Roob','Reprehenderit quae nihil veritatis tempora ut hic qui commodi dolor quis veniam doloremque asperiores architecto quibusdam ex assumenda molestias omnis et qui repellendus odio.',8,'2019-06-23 04:42:34','2019-06-23 04:42:34'),(96,'Cordie Hill III','Est commodi eos ipsa expedita fugit sit sapiente in odio nam iste veritatis asperiores blanditiis velit ratione molestiae architecto eos voluptas nihil quia debitis debitis magni nisi provident.',6,'2019-06-23 04:42:34','2019-06-23 04:42:34'),(97,'Dr. Guido Hyatt','Quo in non minus ducimus minima reprehenderit mollitia rerum consequatur est sunt adipisci veritatis sint aliquid adipisci rerum dolorem alias magnam praesentium exercitationem.',5,'2019-06-23 04:42:34','2019-06-23 04:42:34'),(98,'Rubie Reichert','Est id consectetur rerum odio tenetur ab debitis est doloribus in nulla possimus assumenda ducimus nobis amet cum aspernatur sed omnis numquam velit eum mollitia ab vero aut nesciunt facere ipsa nihil omnis saepe.',8,'2019-06-23 04:42:34','2019-06-23 04:42:34'),(99,'Prof. Giles Corwin V','Maiores aperiam commodi asperiores sunt et delectus aut sequi dolores tempora dolore dolorem nihil magni sint quam eum ea mollitia soluta deserunt corporis aut cum ex blanditiis unde.',3,'2019-06-23 04:42:34','2019-06-23 04:42:34'),(100,'Prof. Consuelo Gibson','Consequatur sequi sed vitae ex et et fugiat maxime molestiae qui excepturi molestiae et sit dolore deleniti sint est expedita itaque ut neque et delectus placeat.',1,'2019-06-23 04:42:34','2019-06-23 04:42:34');
/*!40000 ALTER TABLE `reviews` ENABLE KEYS */;
UNLOCK TABLES;
/*!40103 SET TIME_ZONE=@OLD_TIME_ZONE */;

/*!40101 SET SQL_MODE=@OLD_SQL_MODE */;
/*!40014 SET FOREIGN_KEY_CHECKS=@OLD_FOREIGN_KEY_CHECKS */;
/*!40014 SET UNIQUE_CHECKS=@OLD_UNIQUE_CHECKS */;
/*!40101 SET CHARACTER_SET_CLIENT=@OLD_CHARACTER_SET_CLIENT */;
/*!40101 SET CHARACTER_SET_RESULTS=@OLD_CHARACTER_SET_RESULTS */;
/*!40101 SET COLLATION_CONNECTION=@OLD_COLLATION_CONNECTION */;
/*!40111 SET SQL_NOTES=@OLD_SQL_NOTES */;

-- Dump completed on 2019-06-23  8:44:04
